<?xml version="1.0" encoding="UTF-8"?>
<beans xmlns="http://www.springframework.org/schema/beans"
	xmlns:xsi="http://www.w3.org/2001/XMLSchema-instance" xmlns:util="http://www.springframework.org/schema/util"
	xmlns:tx="http://www.springframework.org/schema/tx" xmlns:aop="http://www.springframework.org/schema/aop"
	xmlns:lang="http://www.springframework.org/schema/lang"
	xsi:schemaLocation="http://www.springframework.org/schema/beans
       http://www.springframework.org/schema/beans/spring-beans-2.0.xsd
       http://www.springframework.org/schema/util
       http://www.springframework.org/schema/util/spring-util-2.0.xsd
       http://www.springframework.org/schema/tx
       http://www.springframework.org/schema/tx/spring-tx-2.0.xsd
       http://www.springframework.org/schema/aop
       http://www.springframework.org/schema/aop/spring-aop-2.0.xsd
       http://www.springframework.org/schema/lang
       http://www.springframework.org/schema/lang/spring-lang-2.0.xsd">

	<!-- non-XA area -->

	<bean id="dataSource" class="com.mchange.v2.c3p0.ComboPooledDataSource"
		destroy-method="close" scope="prototype" >
		<property name="driverClass" value="org.postgresql.Driver" />
		<property name="jdbcUrl" value="${jdbc.url}" />
		<property name="user" value="${jdbc.username}" />
		<property name="password" value="${jdbc.password}" />
		<property name="initialPoolSize" value="${jdbc.connectionpool.initialSize}" />
		<property name="minPoolSize" value="${jdbc.connectionpool.minSize}" />
		<property name="maxPoolSize" value="${jdbc.connectionpool.maxSize}" />
		<property name="maxIdleTime" value="500" />
		<property name="numHelperThreads" value="5" />
		<property name="maxStatements" value="${jdbc.connectionpool.maxStatements}"/>
		<property name="preferredTestQuery" value="select count(*) from orders" />
		<!--property name="breakAfterAcquireFailure" value="${jdbc.breakOnFailure}" /-->
	</bean>

	<bean id="jdbcOperations" class="org.springframework.jdbc.core.namedparam.NamedParameterJdbcTemplate" scope="prototype">
		<constructor-arg ref="dataSource" />
	</bean>

	<bean id="transactionManager" class="org.springframework.jdbc.datasource.DataSourceTransactionManager"
		scope="prototype">
  		<property name="dataSource" ref="dataSource"/>
	</bean>

	<bean id="transactionTemplate" class="org.springframework.transaction.support.TransactionTemplate"
		scope="prototype">
		<constructor-arg ref="transactionManager"/>
		<constructor-arg>
			<bean class="org.springframework.transaction.support.DefaultTransactionDefinition">
  				<property name="name" value="non-XA C3P0"/>
  				<property name="isolationLevel">
  					<util:constant static-field="org.springframework.transaction.TransactionDefinition.ISOLATION_SERIALIZABLE"/>
  				</property>
  				<property name="propagationBehavior">
  					<util:constant static-field="org.springframework.transaction.TransactionDefinition.PROPAGATION_REQUIRED"/>
  				</property>
  				<property name="timeout" value="${jdbc.transactionTimeout}" />
			</bean>
		</constructor-arg>
	</bean>

	<bean id="threadPerDbConnectionFactory" class="ch.ethz.asl.middleware.thread.ThreadPerDbConnectionFactory"
		destroy-method="destroy" scope="prototype">
		<constructor-arg ref="transactionTemplate"/>
		<constructor-arg ref="dataSource"/>
		<constructor-arg ref="jdbcOperations" />
	</bean>

	<!-- XA area -->

	<bean id="xaDataSource" class="com.atomikos.jdbc.AtomikosDataSourceBean"
		destroy-method="close" scope="prototype" >
		<property name="uniqueResourceName" value="xaDataSource${i}" />
		<property name="xaDataSourceClassName" value="org.postgresql.xa.PGXADataSource" />
		<property name="xaProperties">
			<props>
				<prop key="user">${jdbc.username}</prop>
				<prop key="password">${jdbc.password}"</prop>
				<prop key="serverName">${jdbc.serverName}</prop>
				<prop key="databaseName">${jdbc.databaseName}</prop>
				<prop key="portNumber">${jdbc.portNumber}</prop>
				<prop key="prepareThreshold">0</prop>
			</props>
		</property>
		<property name="poolSize" value="${jdbc.connectionpool.initialSize}" />
		<property name="minPoolSize" value="${jdbc.connectionpool.minSize}" />
		<property name="maxPoolSize" value="${jdbc.connectionpool.maxSize}" />
		<property name="testQuery" value="select count(*) from orders" />
	</bean>

	<bean id="xaJdbcOperations" class="org.springframework.jdbc.core.namedparam.NamedParameterJdbcTemplate" scope="prototype">
		<constructor-arg ref="xaDataSource" />
	</bean>

	<bean id="xaTransactionManager"
		class="org.springframework.transaction.jta.JtaTransactionManager">
		<property name="allowCustomIsolationLevels" value="true" />
		<property name="transactionManager">
			<bean class="com.atomikos.icatch.jta.UserTransactionManager"
				init-method="init" destroy-method="close">
				<property name="forceShutdown">
					<value>true</value>
				</property>
				<property name="transactionTimeout">
					<value>${jdbc.transactionTimeout}</value>
				</property>
			</bean>
		</property>
		<property name="userTransaction">
			<bean class="com.atomikos.icatch.jta.UserTransactionImp" />
		</property>
	</bean>

	<bean id="xaTransactionTemplate" class="org.springframework.transaction.support.TransactionTemplate" >
		<constructor-arg ref="xaTransactionManager"/>
		<constructor-arg>
			<bean class="org.springframework.transaction.support.DefaultTransactionDefinition">
  				<property name="name" value="XA Atomikos"/>
  				<property name="isolationLevel">
  					<util:constant static-field="org.springframework.transaction.TransactionDefinition.ISOLATION_SERIALIZABLE"/>
  				</property>
  				<property name="propagationBehavior">
  					<util:constant static-field="org.springframework.transaction.TransactionDefinition.PROPAGATION_REQUIRED"/>
  				</property>
  				<property name="timeout" value="${jdbc.transactionTimeout}" />
			</bean>
		</constructor-arg>
	</bean>
</beans>