<?xml version="1.0" encoding="UTF-8"?>
<!DOCTYPE log4j:configuration SYSTEM "log4j.dtd">
<log4j:configuration xmlns:log4j="http://jakarta.apache.org/log4j/" debug="false">
    <!--         -->
    <!-- Console -->
    <!--         -->
	<appender name="STDOUT" class="org.apache.log4j.ConsoleAppender">
        <param name="Target" value="System.out" />
        <layout class="org.apache.log4j.PatternLayout">
            <param name="ConversionPattern" value="[%d{ISO8601}] %-5p [%c] [%t] %m %n" />
			<!--param name="ConversionPattern" value="%d{yyyy/MM/dd HH:mm:ss,SSS} [%t] %-5p %c %x - %m%n" /-->
        </layout>
        <filter class="org.apache.log4j.varia.LevelRangeFilter">
            <param name="LevelMin" value="DEBUG"/>
            <param name="LevelMax" value="INFO"/>
        </filter>
    </appender>
    <appender name="STDERR"  class="org.apache.log4j.ConsoleAppender">
        <param name="Target" value="System.err" />
        <layout class="org.apache.log4j.PatternLayout">
            <param name="ConversionPattern" value="[%d{ISO8601}] %-5p [%c] [%t] %m %n" />
        </layout>
        <filter class="org.apache.log4j.varia.LevelRangeFilter">
            <param name="LevelMin" value="WARN"/>
            <param name="LevelMax" value="FATAL"/>
        </filter>
    </appender>
    <appender name="ASYNC_STDOUT" class="org.apache.log4j.AsyncAppender">
        <param name="BufferSize" value="99999"/>
        <appender-ref ref="STDOUT"/>
    </appender>
    <appender name="ASYNC_STDERR" class="org.apache.log4j.AsyncAppender">
        <param name="BufferSize" value="99999"/>
        <appender-ref ref="STDERR"/>
    </appender>
    <!--           -->
    <!-- Log files -->
    <!--           -->
    <appender name="TRACE_FILE" class="ch.ethz.asl.common.logging.DateTimeFileAppender">
        <param name="Encoding" value="UTF-8"/>
        <!--
            Whilst this does significantly boost logging throughput, we may lose
            valuable logging information if the system exits abruptly.
            <param name="ImmediateFlush" value="true"/>
        -->
        <param name="File" value="${log_directory}/client-${id}.#{yyyyMMdd-HHmmss}.DEBUG-TRACE.log"/>
        <layout class="org.apache.log4j.PatternLayout">
            <param name="ConversionPattern" value="[%d{ISO8601}] %-5p [%c] [%t] %m %n" />
        </layout>
        <filter class="org.apache.log4j.varia.LevelRangeFilter">
            <param name="LevelMin" value="TRACE"/>
            <param name="LevelMax" value="DEBUG"/>
        </filter>
    </appender>
    <appender name="INFO_FILE" class="ch.ethz.asl.common.logging.DateTimeFileAppender">
        <param name="Encoding" value="UTF-8"/>
        <param name="File" value="${log_directory}/client-${id}.#{yyyyMMdd-HHmmss}.INFO.log"/>
        <layout class="org.apache.log4j.PatternLayout">
            <param name="ConversionPattern" value="[%d{ISO8601}] %-5p [%c] [%t] %m %n" />
        </layout>
        <filter class="org.apache.log4j.varia.LevelMatchFilter">
            <param name="LevelToMatch" value="INFO"/>
            <param name="AcceptOnMatch" value="true"/>
        </filter>
        <filter class="org.apache.log4j.varia.DenyAllFilter"/>
    </appender>
    <appender name="WARNING_FILE" class="ch.ethz.asl.common.logging.DateTimeFileAppender">
        <param name="Encoding" value="UTF-8"/>
        <param name="File" value="${log_directory}/client-${id}.#{yyyyMMdd-HHmmss}.WARNING-FATAL.log"/>
        <layout class="org.apache.log4j.PatternLayout">
            <param name="ConversionPattern" value="[%d{ISO8601}] %-5p [%c] [%t] %m %n" />
        </layout>
        <filter class="org.apache.log4j.varia.LevelRangeFilter">
            <param name="LevelMin" value="WARN"/>
            <param name="LevelMax" value="FATAL"/>
        </filter>
    </appender>
    <!--                           -->
    <!-- setup log4j's root logger -->
    <!--                           -->
    <root>
        <level value="ALL" />
        <appender-ref ref="ASYNC_STDERR"/>
        <!--appender-ref ref="TRACE_FILE"/-->
        <appender-ref ref="INFO_FILE"/>
        <appender-ref ref="WARNING_FILE"/>
    </root>
</log4j:configuration>